V,D,EPR,traffic,Phi,Phi_per_EP
36,5,3,uniform,750.3896103896108,6.948051948051951
36,5,3,nearst-neighbour,1069.9999999999998,9.907407407407405
36,5,3,shift_1,1080.0,10.0
36,5,3,shift_half,551.9999999999999,5.11111111111111
36,5,3,router-cluster,738.9473684210524,6.842105263157892
36,5,3,random-permute,270.0,2.5
