V,D,EPR,traffic,Phi,Phi_per_EP,i_conv
36,5,3,shift_2,909.4736842105264,8.421052631578947,230
