V,D,EPR,traffic,Phi,Phi_per_EP
36,5,3,uniform,775.3166421207656,7.178857797414496
36,5,3,nearst-neighbour,1070.0,9.907407407407407
36,5,3,shift_1,1080.0,10.0
36,5,3,shift_half,450.0,4.166666666666667
36,5,3,router-cluster,738.9473684210524,6.842105263157892
36,5,3,random-permute,270.00000000000006,2.5000000000000004
